{
  "best_metric": null,
  "best_model_checkpoint": null,
  "epoch": 20.0,
  "global_step": 64040,
  "is_hyper_param_search": false,
  "is_local_process_zero": true,
  "is_world_process_zero": true,
  "log_history": [
    {
      "epoch": 5.0,
      "learning_rate": 4.6426856249999986e-05,
      "loss": 0.078,
      "step": 16010
    },
    {
      "epoch": 10.0,
      "learning_rate": 3.592421635430272e-05,
      "loss": 0.0315,
      "step": 32020
    },
    {
      "epoch": 15.0,
      "learning_rate": 2.7797473809585182e-05,
      "loss": 0.0269,
      "step": 48030
    },
    {
      "epoch": 20.0,
      "learning_rate": 2.1509155344512512e-05,
      "loss": 0.0251,
      "step": 64040
    }
  ],
  "max_steps": 160100,
  "num_train_epochs": 50,
  "total_flos": 1.253513627394048e+18,
  "trial_name": null,
  "trial_params": null
}
